{"k_r": 0.046497186233418225, "k_E_bar": 0.37929183250657533, "k_beta": 1.767059846185182, "k_njt": 1.1587565857013}