{"k_r": 0.0604463421034437, "k_E_bar": 0.4930793822585479, "k_beta": 1.767059846185182, "k_njt": 1.1587565857013}