{"k_r": 0.6410031969361123, "k_E_bar": 0.4930793822585479, "k_beta": 1.6829141392239828, "k_njt": 1.1587565857013}